{"cameraMode":{"drawMode":0,"name":"Shaded","section":"Shading Mode"},"sceneLighting":true,"audioPlay":false,"sceneViewState":{"showFog":true,"showMaterialUpdate":true,"showSkybox":true,"showFlares":true,"showImageEffects":true,"showParticleSystems":true},"in2DMode":false,"pivot":{"x":-0.14316299557685853,"y":0.15978652238845826,"z":-6.630011558532715},"rotation":{"x":0.0000014683012068417157,"y":0.9999884366989136,"z":-0.004809579346328974,"w":0.0003008731291629374},"size":4.508853912353516,"orthographic":false}